name,price
â Urban Armor Gear UAG MacBook Pro 4th W/WO Touch Bar case,RM 339.00
NEW MacBook Pro 13 13.3 A1706 A1708 Matte Frosted Hard Case Cover,RM 28.00
APPLE MacBook Pro 13 13.3 A1278 Matte Frosted Hard Case Cover,RM 26.00
MacBook Pro Retina 13 A1502 A1425 Matte Frosted Hard Case Cover,RM 28.00
NEW ORIGINAL Apple MacBook Pro 13'Unibody A1278 A1322 Mid 2009 2010 ,RM 254.40
Thunderbolt Mini Displayport DP to VGA Adapter Cable Apple MacBook Pro,RM 31.90
Genuine Apple 60W MagSafe Power Adapter Charger A1344 MacBook Pro,RM 170.00
Apple 60W MagSafe 2 Power Adapter (for MacBook Pro with 13-inch Retina Display,RM 349.00
Apple 85W MagSafe 2 Power Adapter (for MacBook Pro with Retina Display) - MD50,RM 349.00
Apple 85W MagSafe Power Adapter (for 15- and 17-inch MacBook Pro) - MC556MY/B,RM 349.00
MacBook Pro Retina 13 13.3 A1502 A1425 Matte Frosted Hard Case Cover,RM 80.00
Apple 13-inch MacBook Pro with Touch Bar 3.1GHz Dual-core i5 512GB,"RM 8,899.00"
Apple 13-inch MacBook Pro with Touch Bar 3.1GHz Dual-core i5 256GB,"RM 7,999.00"
Apple 13-inch MacBook Pro 2.3GHz Dual-core i5 256GB,"RM 6,899.00"
Apple 13-inch MacBook Pro 2.3GHz Dual-core i5 128GB,"RM 5,999.00"
18Pcs Opening Tools Repair Kit For Smartphone Tablet MacBook Pro Air i,RM 82.99
STM Dux 13 Inch MacBook Pro Retina 12 Hardshell Case,RM 210.94
STM Dux 13 Inch Macbook Pro Retina 12 Hardshell Case Black - stm-122-094L-01,RM 210.94
Genuine Apple 85W MagSafe 2 Power Adapter Charger A1424 MacBook Pro 15,RM 170.00
MacBook Pro 13 13.3 A1278 Matte Frosted Hard Case Cover,RM 28.00
MacBook Air Pro 13 13.3 MOSHI MUSE Microfiber Sleeve Bag Case Cover,RM 45.00
MacBook Pro Retina 15 15.4 A1398 Matte Frosted Hard Case Cover,RM 28.00
MacBook Pro Retina 13 13.3 A1502 A1425 Matte Frosted Hard Case Cover,RM 28.00
Laptop MacBook Air Pro Retina 11 12 13 14 15.6 Sleeve Bag Case Cover,RM 48.90
Think Tank Photo My 2nd Brain 13-fit a MacBook Pro/Air® 13â + any iPad,RM 475.00
Apple Macbook Pro 13' Monocozzi Lucid Matt Translucent Hard Shell Case,RM 168.00
Apple MacBook Pro 13 i5 2.4GHz 1TB 6Gb Ram Notebook Rm2180,"RM 2,180.00"
"APPLE MACBOOK Pro MPXR2ZP/A 13.3"" NB SIL (i5 2.3GHz,8GB,128GB,INTEL)","RM 5,880.00"
MacBook Air 11.6 12 13.3 15 Pro Crystal Case Cover Casing + Free Gifts,RM 47.90
Thunderbolt Mini Displayport DP to VGA Adapter Cable Apple MacBook Pro,RM 59.90
Soft Keyboard Protector Cover Skin for MacBook Pro / Air 13'/15',RM 49.00
Soft Keyboard Protector Cover Skin for MacBook Pro / Air 13'/15',RM 49.00
New ORI Original Apple MacBook Pro 13' A1278 A1322 Mid 2009 Battery,RM 399.00
MacBook Pro Retina 13 13.3 A1502 A1425 Matte Frosted Hard Case Cover,RM 79.90
Hello Kitty MacBook Air Pro Case Cover Casing + Keyboard Protector,RM 58.90
Cartinoe Macbook Pro Air 11 12 13 15 Sleeve Case Charger Bag Cover,RM 87.90
Apple MacBook Air 11 12 13 15 Pro Retina Case Cover Casing Leather Bag,RM 68.90
"Apple MacBook Pro 15"" 17"" Series iBook G3 G4 12"" Battery",RM 329.00
MacBook Air Pro 13 inch PU Leather Casing Case Cover,RM 53.80
MacBook Air Pro 15 inch PU Leather Casing Case Cover,RM 63.80
"Apple Macbook Pro MPXR2ZP/A 13.3"" Laptop Silver (i5 2.3GHz, 8GB, 128GB, Intel,","RM 5,883.00"
Macbook PRO 13 Inch Designer Case - UK Flag,RM 89.00
Macbook PRO 13 Inch Designer Case - Solar System,RM 89.00
Macbook PRO 13 Inch Designer Case - American Flag,RM 89.00
Emotal Apple MacBook 11 12 13 14 15 Air Pro Retina Bag Case Cover,RM 69.90
Apple MacBook Air Pro Retina 11 12 13 14 15 Sleeve Bag Case Cover,RM 69.90
Macbook Air Pro Stylish Fashion Unique Casing Case Cover Laptop Bag,RM 69.90
Macbook Pro/Air 13inch protective shell,RM 69.90
Apple laptop bag macbook Air/Pro protective cover,RM 99.90
Apple macbook Air/Pro kraft paper protective sleeve,RM 99.90
Macbook Pro/Air Sleeve 11/12/13/15 inch laptop bag,RM 79.90
Apple laptop bag Macbook Air 11/12/13/15inch Pro Sleeve,RM 89.90
Macbook Air/Pro 11/12/13.3/15 inch shockproof protective sleeve,RM 69.90
Macbook Air Pro 13 inch - Laptop Bag Casing Case Cover *Free small bag,RM 59.90
Macbook Air Pro 11 inch - Laptop Bag Casing Case Cover,RM 69.90
Apple macbook air/pro wooden docking stand,RM 99.90
MacBook Air Pro 13 inch PU Leather Casing Case Cover,RM 53.80
MacBook Air Pro 15 inch PU Leather Casing Case Cover,RM 53.80
2016 Apple Macbook Pro 12/13/15 inch leather protective sleeve,RM 69.90
"Apple MacBook Pro / Retina 15"" Original Adidas Sleeve Case",RM 199.00
